use [C:\USERS\ACER\DOCUMENTS\VISUAL STUDIO 2017\PROJECTS\DATABASE1\AMVAL_KHABGAH.MDF]

insert into dormmanagement values ('khiban hamekasi');
delete from dormmanagement;
insert into dormmanagement values ('khiaban hamekasi');



insert into store ( sname , cond , capacity) values ( 'anbar block 1' , 0 , 80 );
insert into store ( sname , cond , capacity) values ( 'anbar block 2' , 0 , 70 );


insert into dormproperty ( price , pname ,fk_daddress ,pshop ,pbuydate) values ( 20000 , 'ayene' ,'khiaban hamekasi' , 'ofoq koorosh' , '2020-01-05 16:20:33');
insert into dormproperty ( price , pname ,fk_daddress ,pshop ,pbuydate) values ( 20000 , 'ayene' ,'khiaban hamekasi' , 'ofoq koorosh' , '2020-01-05 16:20:33');
insert into dormproperty ( price , pname ,fk_daddress ,pshop ,pbuydate) values ( 20000 , 'ayene' ,'khiaban hamekasi' , 'ofoq koorosh' , '2020-01-05 16:20:33');
insert into dormproperty ( price , pname ,fk_daddress ,pshop ,pbuydate) values ( 20000 , 'ayene' ,'khiaban hamekasi' , 'ofoq koorosh' , '2020-01-05 16:20:33');
insert into dormproperty ( price , pname ,fk_daddress ,pshop ,pbuydate) values ( 20000 , 'ayene' ,'khiaban hamekasi' , 'ofoq koorosh' , '2020-01-05 16:20:33');
insert into dormproperty ( price , pname ,fk_daddress ,pshop ,pbuydate) values ( 1000000 , 'yakhchal' ,'khiaban hamekasi' , 'ofoq koorosh' , '2018-09-25 10:45:40');
insert into dormproperty ( price , pname ,fk_daddress ,pshop ,pbuydate) values ( 1000000 , 'yakhchal' ,'khiaban hamekasi' , 'ofoq koorosh' , '2018-09-25 10:45:40');
insert into dormproperty ( price , pname ,fk_daddress ,pshop ,pbuydate) values ( 1000000 , 'yakhchal' ,'khiaban hamekasi' , 'ofoq koorosh' , '2018-09-25 10:45:40');
insert into dormproperty ( price , pname ,fk_daddress ,pshop ,pbuydate) values ( 1000000 , 'yakhchal' ,'khiaban hamekasi' , 'ofoq koorosh' , '2018-09-25 10:45:40');
insert into dormproperty ( price , pname ,fk_daddress ,pshop ,pbuydate) values ( 25000 , 'miz' ,'khiaban hamekasi' , 'miz forushi' , '2016-01-05 10:27:03');
insert into dormproperty ( price , pname ,fk_daddress ,pshop ,pbuydate) values ( 25000 , 'miz' ,'khiaban hamekasi' , 'miz forushi' , '2016-01-05 10:27:03');
insert into dormproperty ( price , pname ,fk_daddress ,pshop ,pbuydate) values ( 25000 , 'miz' ,'khiaban hamekasi' , 'miz forushi' , '2016-01-05 10:27:03');
insert into dormproperty ( price , pname ,fk_daddress ,pshop ,pbuydate) values ( 25000 , 'miz' ,'khiaban hamekasi' , 'miz forushi' , '2016-01-05 10:27:03');
insert into dormproperty ( price , pname ,fk_daddress ,pshop ,pbuydate) values ( 25000 , 'miz' ,'khiaban hamekasi' , 'miz forushi' , '2016-01-05 10:27:03');
insert into dormproperty ( price , pname ,fk_daddress ,pshop ,pbuydate) values ( 25000 , 'miz' ,'khiaban hamekasi' , 'miz forushi' , '2016-01-05 10:27:03');
insert into dormproperty ( price , pname ,fk_daddress ,pshop ,pbuydate) values ( 600000 , 'farsh' ,'khiaban hamekasi' , 'ofoq koorosh' , '2019-11-20 8:30:00');
insert into dormproperty ( price , pname ,fk_daddress ,pshop ,pbuydate) values ( 600000 , 'farsh' ,'khiaban hamekasi' , 'ofoq koorosh' , '2019-11-20 8:30:00');
insert into dormproperty ( price , pname ,fk_daddress ,pshop ,pbuydate) values ( 600000 , 'farsh' ,'khiaban hamekasi' , 'ofoq koorosh' , '2019-11-20 8:30:00');
insert into dormproperty ( price , pname ,fk_daddress ,pshop ,pbuydate) values ( 600000 , 'farsh' ,'khiaban hamekasi' , 'ofoq koorosh' , '2019-11-20 8:30:00');
insert into dormproperty ( price , pname ,fk_daddress ,pshop ,pbuydate) values ( 600000 , 'farsh' ,'khiaban hamekasi' , 'ofoq koorosh' , '2019-11-20 8:30:00');
insert into dormproperty ( price , pname ,fk_daddress ,pshop ,pbuydate) values ( 11000 , 'sandali' ,'khiaban hamekasi' , 'sandali forushi' , '2020-01-05 16:20:33');
insert into dormproperty ( price , pname ,fk_daddress ,pshop ,pbuydate) values ( 11000 , 'sandali' ,'khiaban hamekasi' , 'sandali forushi' , '2020-01-05 16:20:33');
insert into dormproperty ( price , pname ,fk_daddress ,pshop ,pbuydate) values ( 11000 , 'sandali' ,'khiaban hamekasi' , 'sandali forushi' , '2020-01-05 16:20:33');
insert into dormproperty ( price , pname ,fk_daddress ,pshop ,pbuydate) values ( 11000 , 'sandali' ,'khiaban hamekasi' , 'sandali forushi' , '2020-01-05 16:20:33');
insert into dormproperty ( price , pname ,fk_daddress ,pshop ,pbuydate) values ( 11000 , 'sandali' ,'khiaban hamekasi' , 'sandali forushi' , '2020-01-05 16:20:33');
insert into dormproperty ( price , pname ,fk_daddress ,pshop ,pbuydate) values ( 11000 , 'sandali' ,'khiaban hamekasi' , 'sandali forushi' , '2020-01-05 16:20:33');
insert into dormproperty ( price , pname ,fk_daddress ,pshop ,pbuydate) values ( 5000 , 'lamp' ,'khiaban hamekasi' , 'ofoq koorosh' , '2018-05-06 12:00:00');
insert into dormproperty ( price , pname ,fk_daddress ,pshop ,pbuydate) values ( 5000 , 'lamp' ,'khiaban hamekasi' , 'ofoq koorosh' , '2018-05-06 12:00:00');
insert into dormproperty ( price , pname ,fk_daddress ,pshop ,pbuydate) values ( 5000 , 'lamp' ,'khiaban hamekasi' , 'ofoq koorosh' , '2018-05-06 12:00:00');
insert into dormproperty ( price , pname ,fk_daddress ,pshop ,pbuydate) values ( 5000 , 'lamp' ,'khiaban hamekasi' , 'ofoq koorosh' , '2018-05-06 12:00:00');
insert into dormproperty ( price , pname ,fk_daddress ,pshop ,pbuydate) values ( 5000 , 'lamp' ,'khiaban hamekasi' , 'ofoq koorosh' , '2018-05-06 12:00:00');
insert into dormproperty ( price , pname ,fk_daddress ,pshop ,pbuydate) values ( 5000 , 'saboon' ,'khiaban hamekasi' , 'ofoq koorosh' , '2018-05-06 8:20:30');
insert into dormproperty ( price , pname ,fk_daddress ,pshop ,pbuydate) values ( 5000 , 'saboon' ,'khiaban hamekasi' , 'ofoq koorosh' , '2018-05-06 8:20:30');
insert into dormproperty ( price , pname ,fk_daddress ,pshop ,pbuydate) values ( 5000 , 'saboon' ,'khiaban hamekasi' , 'ofoq koorosh' , '2018-05-06 8:20:30');
insert into dormproperty ( price , pname ,fk_daddress ,pshop ,pbuydate) values ( 5000 , 'saboon' ,'khiaban hamekasi' , 'ofoq koorosh' , '2018-05-06 8:20:30');




insert into people values ('1234321563','mohammadi','mohammad');
insert into people values ('4356789809','alavi','ali');
insert into people values ('3820556890','hosseini','hossein');
insert into people values ('4493048107','razavi','reza');
insert into people values ('9123432156','rezaei','reza');
insert into people values ('1078302602','vahidifar','pezhman');
insert into people values ('2950029560','sajjadi','sajjad');


insert into responsible values ('1078302602','sonqur','valiasr','emam','203','17');
insert into responsible values ('2950029560','hamedan','zharyam','mahdiyeh','406','11');


insert into worker values ('1234321563','hamedan','mirzade','shariati','ahmadi','09');
insert into worker values ('4356789809','hamedan','zhamran','chamran','hamed','79');


insert into student values ('3820556890','mech','9612165019','1',409);
insert into student values ('4493048107','comp','9680920311','2',104);
insert into student values ('9123432156','oloom','9617889056','2',306);



insert into storing_property values (10009,'anbar block 1');
insert into storing_property values (10002,'anbar block 2');
insert into storing_property values (10008,'anbar block 2');



select * from storing_property;
select * from dormproperty



insert into controling values (10003,'1078302602')
insert into controling values (10004,'1078302602')
insert into controling values (10006,'1078302602')



insert into managerphone values ('khiaban hamekasi', '08185858585')
insert into managerphone values ('khiaban hamekasi', '08155665566')


insert into peoplephone values ('1078302602','09191212125')
insert into peoplephone values ('1078302602','09191212126')
insert into peoplephone values ('3820556890','09364940339')



insert into consume values (10034 , '4356789809')


insert into rhurt(fk_pcode,fk_ridnumber) values ('10030','1078302602')


insert into shurt(fk_pcode,fk_sidnumber) values ('10004','4493048107')

select * from rhurt


insert into rpay values ( '2020-01-03',1,'khiaban hamekasi')


insert into spay values ( '2019-08-16',2,'khiaban hamekasi')


select * from dormproperty 


insert into tempproperty values (10033,'2022-06-01')
insert into tempproperty values (10034,'2022-06-01')
insert into tempproperty values (10035,'2022-06-01')
insert into tempproperty values (10036,'2022-06-01')



insert into eternalproperty values (10002,22000)
insert into eternalproperty values (10003,22000)
insert into eternalproperty values (10004,22000)
insert into eternalproperty values (10005,22000)
insert into eternalproperty values (10006,22000)
insert into eternalproperty values (10007,1200000)
insert into eternalproperty values (10008,1200000)
insert into eternalproperty values (10009,1200000)
insert into eternalproperty values (10010,1200000)
insert into eternalproperty values (10011,28000)
insert into eternalproperty values (10012,28000)
insert into eternalproperty values (10013,28000)
insert into eternalproperty values (10014,28000)
insert into eternalproperty values (10015,28000)
insert into eternalproperty values (10016,28000)
insert into eternalproperty values (10017,650000)
insert into eternalproperty values (10018,650000)
insert into eternalproperty values (10019,650000)
insert into eternalproperty values (10020,650000)
insert into eternalproperty values (10021,650000)
insert into eternalproperty values (10022,14000)
insert into eternalproperty values (10023,14000)
insert into eternalproperty values (10024,14000)
insert into eternalproperty values (10025,14000)
insert into eternalproperty values (10026,14000)
insert into eternalproperty values (10027,14000)
insert into eternalproperty values (10028,6000)
insert into eternalproperty values (10029,6000)
insert into eternalproperty values (10030,6000)
insert into eternalproperty values (10031,6000)
insert into eternalproperty values (10032,6000)


delete from eternalproperty where (fk_pcode=10032)
insert into eternalproperty values (10032,6000) --test trigger




select * from shurt;

delete from shurt where'10017' = fk_pcode and '3820556890' = fk_sidnumber
